Workbook

Sheet 說明
A1: Living Economy｜四城＋綠洲 設計試算表
A3: 用途 | B3: 檢查每城的 NPC 功能是否達最低配置,並檢查商品的生產與消耗在全世界是否長期失衡。
A4: 分頁 | B4: NPC功能:三層 NPC 結構與各城配置、是否達標
B5: 加工鏈:各城加工者的產出與原料配方
B6: 生產:每日商品生產(原料手填、加工品由加工鏈計算)
B7: 居民消耗:每日居民需求(手填)
B8: 加工消耗:加工者每日原料需求(由加工鏈計算)
B9: 淨值:生產 − 居民消耗 − 加工消耗,負數＝需進口、正數＝可出口,並判斷全域短缺或過剩
A10: 色彩 | B10: 藍字＝可修改的輸入值;黑字＝公式,請勿覆蓋;黃底＝關鍵假設(容許差距比例、各城最低功能數)
A11: 重要假設 | B11: 所有數字(產量、配方、消耗量、最低功能數、容許差距)皆為示範用暫定值,由 Claude 為了讓模型能運算而設定,不是遊戲既有資料,請依實際設計調整。
A12: 設計來源 | B12: NPC 三層結構與四城分工來自 2026-10-10 的討論;加工者依賴外城原料的設計,是為了讓每城無法自給自足。

Sheet NPC功能
A1: 各城 NPC 功能配置
A2: 1＝有、0＝無。「計入最低數量」為「是」的功能才會計入達標判斷。
A4: 層級 | B4: 功能／NPC | C4: 作用 | D4: 計入最低數量 | E4: 北方礦城 | F4: 東方遊牧聚落 | G4: 南方港口 | H4: 西方森林村 | I4: 中央綠洲 | J4: 備註
A5: 第一層:基礎服務 | B5: 工會 | C5: 公布需求與委託,連接商人與冒險者 | D5: 是 | E5: 1 | F5: 1 | G5: 1 | H5: 1 | I5: 0 | J5: 綠洲不是城市,不設工會
A6: 第一層:基礎服務 | B6: 旅宿 | C6: 休息的時間成本轉成金錢成本,冒險者落腳處 | D6: 是 | E6: 1 | F6: 1 | G6: 1 | H6: 1 | I6: 1
A7: 第一層:基礎服務 | B7: 餐廳／補給 | C7: 居民與旅人消費;商隊出發前買乾糧、水 | D7: 是 | E7: 1 | F7: 1 | G7: 1 | H7: 1 | I7: 1 | J7: 可先合併為一個
A8: 第一層:基礎服務 | B8: 市場攤販 | C8: 買賣場所,價格在此形成 | D8: 是 | E8: 1 | F8: 1 | G8: 1 | H8: 1 | I8: 1
A9: 第二層:原料生產者 | B9: 礦工 | C9: 產出礦石 | D9: 是 | E9: 1 | F9: 0 | G9: 0 | H9: 0 | I9: 0
A10: 第二層:原料生產者 | B10: 牧人 | C10: 產出牲畜 | D10: 是 | E10: 0 | F10: 1 | G10: 0 | H10: 0 | I10: 0
A11: 第二層:原料生產者 | B11: 漁夫 | C11: 產出海產 | D11: 是 | E11: 0 | F11: 0 | G11: 1 | H11: 0 | I11: 0
A12: 第二層:原料生產者 | B12: 伐木工 | C12: 產出木材 | D12: 是 | E12: 0 | F12: 0 | G12: 0 | H12: 1 | I12: 0
A13: 第二層:加工者 | B13: 鐵匠 | C13: 礦石→鐵器 | D13: 是 | E13: 1 | F13: 0 | G13: 0 | H13: 0 | I13: 0 | J13: 另需外城木材(燃料)
A14: 第二層:加工者 | B14: 皮革工 | C14: 牲畜→皮革 | D14: 是 | E14: 0 | F14: 1 | G14: 0 | H14: 0 | I14: 0 | J14: 另需外城木材
A15: 第二層:加工者 | B15: 醃製師 | C15: 海產→鹽漬海產 | D15: 是 | E15: 0 | F15: 0 | G15: 1 | H15: 0 | I15: 0 | J15: 另需外城礦石(鹽)
A16: 第二層:加工者 | B16: 木匠 | C16: 木材→家具 | D16: 是 | E16: 0 | F16: 0 | G16: 0 | H16: 1 | I16: 0 | J16: 另需外城鐵器(釘、鋸)
A17: 第三層:居民需求 | B17: 居民群體 | C17: 每日固定消耗食物、日用品、工具(可先不做成有名字的 NPC) | D17: 否 | E17: 1 | F17: 1 | G17: 1 | H17: 1 | I17: 0 | J17: 隱形需求,見「居民消耗」
B19: 各地計入功能數 | E19: =SUMIF($D$5:$D$17,"是",E5:E17) -> 6 | F19: =SUMIF($D$5:$D$17,"是",F5:F17) -> 6 | G19: =SUMIF($D$5:$D$17,"是",G5:G17) -> 6 | H19: =SUMIF($D$5:$D$17,"是",H5:H17) -> 6 | I19: =SUMIF($D$5:$D$17,"是",I5:I17) -> 3
B20: 最低要求 | E20: 6 | F20: 6 | G20: 6 | H20: 6 | I20: 3
B21: 狀態 | E21: =IF(E19>=E20,"達標","不足") -> 達標 | F21: =IF(F19>=F20,"達標","不足") -> 達標 | G21: =IF(G19>=G20,"達標","不足") -> 達標 | H21: =IF(H19>=H20,"達標","不足") -> 達標 | I21: =IF(I19>=I20,"達標","不足") -> 達標
B23: 假設:四城最低 6 個功能(工會、旅宿、餐廳／補給、市場攤販、1 個原料生產者、1 個加工者);綠洲為服務型,最低 3 個(旅宿、餐廳／補給、市場攤販)。市場攤販之前的「5 個功能」說法未列入,但價格形成需要它,故此處設為 6。

Sheet 加工鏈
A1: 加工鏈:加工者產出與原料配方
A2: 每個加工者至少依賴一種外城原料,城市才無法自給自足。
A4: 城市 | B4: 加工者 | C4: 產出品 | D4: 每日產出量 | E4: 原料A | F4: 每單位產出需A | G4: 原料B(外城) | H4: 每單位產出需B | I4: 每日需A | J4: 每日需B
A5: 北方礦城 | B5: 鐵匠 | C5: 鐵器 | D5: 8 | E5: 礦石 | F5: 2 | G5: 木材 | H5: 0.5 | I5: =D5*F5 -> 16 | J5: =D5*H5 -> 4
A6: 西方森林村 | B6: 木匠 | C6: 家具 | D6: 6 | E6: 木材 | F6: 2 | G6: 鐵器 | H6: 0.25 | I6: =D6*F6 -> 12 | J6: =D6*H6 -> 1.5
A7: 東方遊牧聚落 | B7: 皮革工 | C7: 皮革 | D7: 6 | E7: 牲畜 | F7: 1 | G7: 木材 | H7: 0.5 | I7: =D7*F7 -> 6 | J7: =D7*H7 -> 3
A8: 南方港口 | B8: 醃製師 | C8: 鹽漬海產 | D8: 6 | E8: 海產 | F8: 2 | G8: 礦石 | H8: 0.5 | I8: =D8*F8 -> 12 | J8: =D8*H8 -> 3
A10: 配方數值皆為示範用暫定值(由 Claude 設定),請依實際設計調整。

Sheet 生產
A1: 每日商品生產(單位/日)
A2: 原料為手填(藍字);加工品由「加工鏈」自動計算(黑字)。
A4: 品項 | B4: 類型 | C4: 北方礦城 | D4: 東方遊牧聚落 | E4: 南方港口 | F4: 西方森林村 | G4: 中央綠洲
A5: 礦石 | B5: 原料 | C5: 20 | D5: 0 | E5: 0 | F5: 0 | G5: 0
A6: 木材 | B6: 原料 | C6: 0 | D6: 0 | E6: 0 | F6: 24 | G6: 0
A7: 海產 | B7: 原料 | C7: 0 | D7: 0 | E7: 36 | F7: 0 | G7: 0
A8: 牲畜 | B8: 原料 | C8: 0 | D8: 24 | E8: 0 | F8: 0 | G8: 0
A9: 鐵器 | B9: 加工品 | C9: =SUMIFS(加工鏈!$D$5:$D$8,加工鏈!$C$5:$C$8,$A9,加工鏈!$A$5:$A$8,C$4) -> 8 | D9: =SUMIFS(加工鏈!$D$5:$D$8,加工鏈!$C$5:$C$8,$A9,加工鏈!$A$5:$A$8,D$4) -> 0 | E9: =SUMIFS(加工鏈!$D$5:$D$8,加工鏈!$C$5:$C$8,$A9,加工鏈!$A$5:$A$8,E$4) -> 0 | F9: =SUMIFS(加工鏈!$D$5:$D$8,加工鏈!$C$5:$C$8,$A9,加工鏈!$A$5:$A$8,F$4) -> 0 | G9: =SUMIFS(加工鏈!$D$5:$D$8,加工鏈!$C$5:$C$8,$A9,加工鏈!$A$5:$A$8,G$4) -> 0
A10: 家具 | B10: 加工品 | C10: =SUMIFS(加工鏈!$D$5:$D$8,加工鏈!$C$5:$C$8,$A10,加工鏈!$A$5:$A$8,C$4) -> 0 | D10: =SUMIFS(加工鏈!$D$5:$D$8,加工鏈!$C$5:$C$8,$A10,加工鏈!$A$5:$A$8,D$4) -> 0 | E10: =SUMIFS(加工鏈!$D$5:$D$8,加工鏈!$C$5:$C$8,$A10,加工鏈!$A$5:$A$8,E$4) -> 0 | F10: =SUMIFS(加工鏈!$D$5:$D$8,加工鏈!$C$5:$C$8,$A10,加工鏈!$A$5:$A$8,F$4) -> 6 | G10: =SUMIFS(加工鏈!$D$5:$D$8,加工鏈!$C$5:$C$8,$A10,加工鏈!$A$5:$A$8,G$4) -> 0
A11: 皮革 | B11: 加工品 | C11: =SUMIFS(加工鏈!$D$5:$D$8,加工鏈!$C$5:$C$8,$A11,加工鏈!$A$5:$A$8,C$4) -> 0 | D11: =SUMIFS(加工鏈!$D$5:$D$8,加工鏈!$C$5:$C$8,$A11,加工鏈!$A$5:$A$8,D$4) -> 6 | E11: =SUMIFS(加工鏈!$D$5:$D$8,加工鏈!$C$5:$C$8,$A11,加工鏈!$A$5:$A$8,E$4) -> 0 | F11: =SUMIFS(加工鏈!$D$5:$D$8,加工鏈!$C$5:$C$8,$A11,加工鏈!$A$5:$A$8,F$4) -> 0 | G11: =SUMIFS(加工鏈!$D$5:$D$8,加工鏈!$C$5:$C$8,$A11,加工鏈!$A$5:$A$8,G$4) -> 0
A12: 鹽漬海產 | B12: 加工品 | C12: =SUMIFS(加工鏈!$D$5:$D$8,加工鏈!$C$5:$C$8,$A12,加工鏈!$A$5:$A$8,C$4) -> 0 | D12: =SUMIFS(加工鏈!$D$5:$D$8,加工鏈!$C$5:$C$8,$A12,加工鏈!$A$5:$A$8,D$4) -> 0 | E12: =SUMIFS(加工鏈!$D$5:$D$8,加工鏈!$C$5:$C$8,$A12,加工鏈!$A$5:$A$8,E$4) -> 6 | F12: =SUMIFS(加工鏈!$D$5:$D$8,加工鏈!$C$5:$C$8,$A12,加工鏈!$A$5:$A$8,F$4) -> 0 | G12: =SUMIFS(加工鏈!$D$5:$D$8,加工鏈!$C$5:$C$8,$A12,加工鏈!$A$5:$A$8,G$4) -> 0
A14: 原料產量為示範用暫定值(由 Claude 設定),請依實際設計調整。

Sheet 居民消耗
A1: 每日居民需求(單位/日)
A2: 居民與旅人的日常消耗,全部手填(藍字)。
A4: 品項 | B4: 類型 | C4: 北方礦城 | D4: 東方遊牧聚落 | E4: 南方港口 | F4: 西方森林村 | G4: 中央綠洲
A5: 礦石 | B5: 原料 | C5: 0 | D5: 0 | E5: 0 | F5: 0 | G5: 0
A6: 木材 | B6: 原料 | C6: 1 | D6: 1 | E6: 1 | F6: 1 | G6: 0
A7: 海產 | B7: 原料 | C7: 5 | D7: 5 | E7: 5 | F7: 5 | G7: 4
A8: 牲畜 | B8: 原料 | C8: 5 | D8: 5 | E8: 3 | F8: 3 | G8: 2
A9: 鐵器 | B9: 加工品 | C9: 1.5 | D9: 1.5 | E9: 2 | F9: 1.5 | G9: 0
A10: 家具 | B10: 加工品 | C10: 1.5 | D10: 1 | E10: 1.5 | F10: 1 | G10: 1
A11: 皮革 | B11: 加工品 | C11: 1.5 | D11: 1 | E11: 1 | F11: 1 | G11: 0.5
A12: 鹽漬海產 | B12: 加工品 | C12: 1.5 | D12: 1 | E12: 1 | F12: 1.5 | G12: 1
A14: 消耗量為示範用暫定值(由 Claude 設定),請依實際設計調整。

Sheet 加工消耗
A1: 加工者每日原料需求(單位/日)
A2: 由「加工鏈」自動計算,請勿手動覆蓋。
A4: 品項 | B4: 類型 | C4: 北方礦城 | D4: 東方遊牧聚落 | E4: 南方港口 | F4: 西方森林村 | G4: 中央綠洲
A5: 礦石 | B5: 原料 | C5: =SUMIFS(加工鏈!$I$5:$I$8,加工鏈!$E$5:$E$8,$A5,加工鏈!$A$5:$A$8,C$4)+SUMIFS(加工鏈!$J$5:$J$8,加工鏈!$G$5:$G$8,$A5,加工鏈!$A$5:$A$8,C$4) -> 16 | D5: =SUMIFS(加工鏈!$I$5:$I$8,加工鏈!$E$5:$E$8,$A5,加工鏈!$A$5:$A$8,D$4)+SUMIFS(加工鏈!$J$5:$J$8,加工鏈!$G$5:$G$8,$A5,加工鏈!$A$5:$A$8,D$4) -> 0 | E5: =SUMIFS(加工鏈!$I$5:$I$8,加工鏈!$E$5:$E$8,$A5,加工鏈!$A$5:$A$8,E$4)+SUMIFS(加工鏈!$J$5:$J$8,加工鏈!$G$5:$G$8,$A5,加工鏈!$A$5:$A$8,E$4) -> 3 | F5: =SUMIFS(加工鏈!$I$5:$I$8,加工鏈!$E$5:$E$8,$A5,加工鏈!$A$5:$A$8,F$4)+SUMIFS(加工鏈!$J$5:$J$8,加工鏈!$G$5:$G$8,$A5,加工鏈!$A$5:$A$8,F$4) -> 0 | G5: =SUMIFS(加工鏈!$I$5:$I$8,加工鏈!$E$5:$E$8,$A5,加工鏈!$A$5:$A$8,G$4)+SUMIFS(加工鏈!$J$5:$J$8,加工鏈!$G$5:$G$8,$A5,加工鏈!$A$5:$A$8,G$4) -> 0
A6: 木材 | B6: 原料 | C6: =SUMIFS(加工鏈!$I$5:$I$8,加工鏈!$E$5:$E$8,$A6,加工鏈!$A$5:$A$8,C$4)+SUMIFS(加工鏈!$J$5:$J$8,加工鏈!$G$5:$G$8,$A6,加工鏈!$A$5:$A$8,C$4) -> 4 | D6: =SUMIFS(加工鏈!$I$5:$I$8,加工鏈!$E$5:$E$8,$A6,加工鏈!$A$5:$A$8,D$4)+SUMIFS(加工鏈!$J$5:$J$8,加工鏈!$G$5:$G$8,$A6,加工鏈!$A$5:$A$8,D$4) -> 3 | E6: =SUMIFS(加工鏈!$I$5:$I$8,加工鏈!$E$5:$E$8,$A6,加工鏈!$A$5:$A$8,E$4)+SUMIFS(加工鏈!$J$5:$J$8,加工鏈!$G$5:$G$8,$A6,加工鏈!$A$5:$A$8,E$4) -> 0 | F6: =SUMIFS(加工鏈!$I$5:$I$8,加工鏈!$E$5:$E$8,$A6,加工鏈!$A$5:$A$8,F$4)+SUMIFS(加工鏈!$J$5:$J$8,加工鏈!$G$5:$G$8,$A6,加工鏈!$A$5:$A$8,F$4) -> 12 | G6: =SUMIFS(加工鏈!$I$5:$I$8,加工鏈!$E$5:$E$8,$A6,加工鏈!$A$5:$A$8,G$4)+SUMIFS(加工鏈!$J$5:$J$8,加工鏈!$G$5:$G$8,$A6,加工鏈!$A$5:$A$8,G$4) -> 0
A7: 海產 | B7: 原料 | C7: =SUMIFS(加工鏈!$I$5:$I$8,加工鏈!$E$5:$E$8,$A7,加工鏈!$A$5:$A$8,C$4)+SUMIFS(加工鏈!$J$5:$J$8,加工鏈!$G$5:$G$8,$A7,加工鏈!$A$5:$A$8,C$4) -> 0 | D7: =SUMIFS(加工鏈!$I$5:$I$8,加工鏈!$E$5:$E$8,$A7,加工鏈!$A$5:$A$8,D$4)+SUMIFS(加工鏈!$J$5:$J$8,加工鏈!$G$5:$G$8,$A7,加工鏈!$A$5:$A$8,D$4) -> 0 | E7: =SUMIFS(加工鏈!$I$5:$I$8,加工鏈!$E$5:$E$8,$A7,加工鏈!$A$5:$A$8,E$4)+SUMIFS(加工鏈!$J$5:$J$8,加工鏈!$G$5:$G$8,$A7,加工鏈!$A$5:$A$8,E$4) -> 12 | F7: =SUMIFS(加工鏈!$I$5:$I$8,加工鏈!$E$5:$E$8,$A7,加工鏈!$A$5:$A$8,F$4)+SUMIFS(加工鏈!$J$5:$J$8,加工鏈!$G$5:$G$8,$A7,加工鏈!$A$5:$A$8,F$4) -> 0 | G7: =SUMIFS(加工鏈!$I$5:$I$8,加工鏈!$E$5:$E$8,$A7,加工鏈!$A$5:$A$8,G$4)+SUMIFS(加工鏈!$J$5:$J$8,加工鏈!$G$5:$G$8,$A7,加工鏈!$A$5:$A$8,G$4) -> 0
A8: 牲畜 | B8: 原料 | C8: =SUMIFS(加工鏈!$I$5:$I$8,加工鏈!$E$5:$E$8,$A8,加工鏈!$A$5:$A$8,C$4)+SUMIFS(加工鏈!$J$5:$J$8,加工鏈!$G$5:$G$8,$A8,加工鏈!$A$5:$A$8,C$4) -> 0 | D8: =SUMIFS(加工鏈!$I$5:$I$8,加工鏈!$E$5:$E$8,$A8,加工鏈!$A$5:$A$8,D$4)+SUMIFS(加工鏈!$J$5:$J$8,加工鏈!$G$5:$G$8,$A8,加工鏈!$A$5:$A$8,D$4) -> 6 | E8: =SUMIFS(加工鏈!$I$5:$I$8,加工鏈!$E$5:$E$8,$A8,加工鏈!$A$5:$A$8,E$4)+SUMIFS(加工鏈!$J$5:$J$8,加工鏈!$G$5:$G$8,$A8,加工鏈!$A$5:$A$8,E$4) -> 0 | F8: =SUMIFS(加工鏈!$I$5:$I$8,加工鏈!$E$5:$E$8,$A8,加工鏈!$A$5:$A$8,F$4)+SUMIFS(加工鏈!$J$5:$J$8,加工鏈!$G$5:$G$8,$A8,加工鏈!$A$5:$A$8,F$4) -> 0 | G8: =SUMIFS(加工鏈!$I$5:$I$8,加工鏈!$E$5:$E$8,$A8,加工鏈!$A$5:$A$8,G$4)+SUMIFS(加工鏈!$J$5:$J$8,加工鏈!$G$5:$G$8,$A8,加工鏈!$A$5:$A$8,G$4) -> 0
A9: 鐵器 | B9: 加工品 | C9: =SUMIFS(加工鏈!$I$5:$I$8,加工鏈!$E$5:$E$8,$A9,加工鏈!$A$5:$A$8,C$4)+SUMIFS(加工鏈!$J$5:$J$8,加工鏈!$G$5:$G$8,$A9,加工鏈!$A$5:$A$8,C$4) -> 0 | D9: =SUMIFS(加工鏈!$I$5:$I$8,加工鏈!$E$5:$E$8,$A9,加工鏈!$A$5:$A$8,D$4)+SUMIFS(加工鏈!$J$5:$J$8,加工鏈!$G$5:$G$8,$A9,加工鏈!$A$5:$A$8,D$4) -> 0 | E9: =SUMIFS(加工鏈!$I$5:$I$8,加工鏈!$E$5:$E$8,$A9,加工鏈!$A$5:$A$8,E$4)+SUMIFS(加工鏈!$J$5:$J$8,加工鏈!$G$5:$G$8,$A9,加工鏈!$A$5:$A$8,E$4) -> 0 | F9: =SUMIFS(加工鏈!$I$5:$I$8,加工鏈!$E$5:$E$8,$A9,加工鏈!$A$5:$A$8,F$4)+SUMIFS(加工鏈!$J$5:$J$8,加工鏈!$G$5:$G$8,$A9,加工鏈!$A$5:$A$8,F$4) -> 1.5 | G9: =SUMIFS(加工鏈!$I$5:$I$8,加工鏈!$E$5:$E$8,$A9,加工鏈!$A$5:$A$8,G$4)+SUMIFS(加工鏈!$J$5:$J$8,加工鏈!$G$5:$G$8,$A9,加工鏈!$A$5:$A$8,G$4) -> 0
A10: 家具 | B10: 加工品 | C10: =SUMIFS(加工鏈!$I$5:$I$8,加工鏈!$E$5:$E$8,$A10,加工鏈!$A$5:$A$8,C$4)+SUMIFS(加工鏈!$J$5:$J$8,加工鏈!$G$5:$G$8,$A10,加工鏈!$A$5:$A$8,C$4) -> 0 | D10: =SUMIFS(加工鏈!$I$5:$I$8,加工鏈!$E$5:$E$8,$A10,加工鏈!$A$5:$A$8,D$4)+SUMIFS(加工鏈!$J$5:$J$8,加工鏈!$G$5:$G$8,$A10,加工鏈!$A$5:$A$8,D$4) -> 0 | E10: =SUMIFS(加工鏈!$I$5:$I$8,加工鏈!$E$5:$E$8,$A10,加工鏈!$A$5:$A$8,E$4)+SUMIFS(加工鏈!$J$5:$J$8,加工鏈!$G$5:$G$8,$A10,加工鏈!$A$5:$A$8,E$4) -> 0 | F10: =SUMIFS(加工鏈!$I$5:$I$8,加工鏈!$E$5:$E$8,$A10,加工鏈!$A$5:$A$8,F$4)+SUMIFS(加工鏈!$J$5:$J$8,加工鏈!$G$5:$G$8,$A10,加工鏈!$A$5:$A$8,F$4) -> 0 | G10: =SUMIFS(加工鏈!$I$5:$I$8,加工鏈!$E$5:$E$8,$A10,加工鏈!$A$5:$A$8,G$4)+SUMIFS(加工鏈!$J$5:$J$8,加工鏈!$G$5:$G$8,$A10,加工鏈!$A$5:$A$8,G$4) -> 0
A11: 皮革 | B11: 加工品 | C11: =SUMIFS(加工鏈!$I$5:$I$8,加工鏈!$E$5:$E$8,$A11,加工鏈!$A$5:$A$8,C$4)+SUMIFS(加工鏈!$J$5:$J$8,加工鏈!$G$5:$G$8,$A11,加工鏈!$A$5:$A$8,C$4) -> 0 | D11: =SUMIFS(加工鏈!$I$5:$I$8,加工鏈!$E$5:$E$8,$A11,加工鏈!$A$5:$A$8,D$4)+SUMIFS(加工鏈!$J$5:$J$8,加工鏈!$G$5:$G$8,$A11,加工鏈!$A$5:$A$8,D$4) -> 0 | E11: =SUMIFS(加工鏈!$I$5:$I$8,加工鏈!$E$5:$E$8,$A11,加工鏈!$A$5:$A$8,E$4)+SUMIFS(加工鏈!$J$5:$J$8,加工鏈!$G$5:$G$8,$A11,加工鏈!$A$5:$A$8,E$4) -> 0 | F11: =SUMIFS(加工鏈!$I$5:$I$8,加工鏈!$E$5:$E$8,$A11,加工鏈!$A$5:$A$8,F$4)+SUMIFS(加工鏈!$J$5:$J$8,加工鏈!$G$5:$G$8,$A11,加工鏈!$A$5:$A$8,F$4) -> 0 | G11: =SUMIFS(加工鏈!$I$5:$I$8,加工鏈!$E$5:$E$8,$A11,加工鏈!$A$5:$A$8,G$4)+SUMIFS(加工鏈!$J$5:$J$8,加工鏈!$G$5:$G$8,$A11,加工鏈!$A$5:$A$8,G$4) -> 0
A12: 鹽漬海產 | B12: 加工品 | C12: =SUMIFS(加工鏈!$I$5:$I$8,加工鏈!$E$5:$E$8,$A12,加工鏈!$A$5:$A$8,C$4)+SUMIFS(加工鏈!$J$5:$J$8,加工鏈!$G$5:$G$8,$A12,加工鏈!$A$5:$A$8,C$4) -> 0 | D12: =SUMIFS(加工鏈!$I$5:$I$8,加工鏈!$E$5:$E$8,$A12,加工鏈!$A$5:$A$8,D$4)+SUMIFS(加工鏈!$J$5:$J$8,加工鏈!$G$5:$G$8,$A12,加工鏈!$A$5:$A$8,D$4) -> 0 | E12: =SUMIFS(加工鏈!$I$5:$I$8,加工鏈!$E$5:$E$8,$A12,加工鏈!$A$5:$A$8,E$4)+SUMIFS(加工鏈!$J$5:$J$8,加工鏈!$G$5:$G$8,$A12,加工鏈!$A$5:$A$8,E$4) -> 0 | F12: =SUMIFS(加工鏈!$I$5:$I$8,加工鏈!$E$5:$E$8,$A12,加工鏈!$A$5:$A$8,F$4)+SUMIFS(加工鏈!$J$5:$J$8,加工鏈!$G$5:$G$8,$A12,加工鏈!$A$5:$A$8,F$4) -> 0 | G12: =SUMIFS(加工鏈!$I$5:$I$8,加工鏈!$E$5:$E$8,$A12,加工鏈!$A$5:$A$8,G$4)+SUMIFS(加工鏈!$J$5:$J$8,加工鏈!$G$5:$G$8,$A12,加工鏈!$A$5:$A$8,G$4) -> 0

Sheet 淨值
A1: 淨值:生產 − 居民消耗 − 加工消耗(單位/日)
A2: 容許差距比例 | C2: 0.1 | D2: 全域淨額超出總需求的此比例,才判定為短缺或過剩(暫定值)
A4: 品項 | B4: 類型 | C4: 北方礦城 | D4: 東方遊牧聚落 | E4: 南方港口 | F4: 西方森林村 | G4: 中央綠洲 | H4: 全域生產 | I4: 全域需求 | J4: 全域淨額 | K4: 狀態
A5: 礦石 | B5: 原料 | C5: =ROUND(生產!C5-居民消耗!C5-加工消耗!C5,2) -> 4 | D5: =ROUND(生產!D5-居民消耗!D5-加工消耗!D5,2) -> 0 | E5: =ROUND(生產!E5-居民消耗!E5-加工消耗!E5,2) -> -3 | F5: =ROUND(生產!F5-居民消耗!F5-加工消耗!F5,2) -> 0 | G5: =ROUND(生產!G5-居民消耗!G5-加工消耗!G5,2) -> 0 | H5: =SUM(生產!C5:G5) -> 20 | I5: =SUM(居民消耗!C5:G5)+SUM(加工消耗!C5:G5) -> 19 | J5: =ROUND(H5-I5,2) -> 1 | K5: =IF(I5=0,"無需求",IF(J5<-$C$2*I5,"短缺",IF(J5>$C$2*I5,"過剩","平衡"))) -> 平衡
A6: 木材 | B6: 原料 | C6: =ROUND(生產!C6-居民消耗!C6-加工消耗!C6,2) -> -5 | D6: =ROUND(生產!D6-居民消耗!D6-加工消耗!D6,2) -> -4 | E6: =ROUND(生產!E6-居民消耗!E6-加工消耗!E6,2) -> -1 | F6: =ROUND(生產!F6-居民消耗!F6-加工消耗!F6,2) -> 11 | G6: =ROUND(生產!G6-居民消耗!G6-加工消耗!G6,2) -> 0 | H6: =SUM(生產!C6:G6) -> 24 | I6: =SUM(居民消耗!C6:G6)+SUM(加工消耗!C6:G6) -> 23 | J6: =ROUND(H6-I6,2) -> 1 | K6: =IF(I6=0,"無需求",IF(J6<-$C$2*I6,"短缺",IF(J6>$C$2*I6,"過剩","平衡"))) -> 平衡
A7: 海產 | B7: 原料 | C7: =ROUND(生產!C7-居民消耗!C7-加工消耗!C7,2) -> -5 | D7: =ROUND(生產!D7-居民消耗!D7-加工消耗!D7,2) -> -5 | E7: =ROUND(生產!E7-居民消耗!E7-加工消耗!E7,2) -> 19 | F7: =ROUND(生產!F7-居民消耗!F7-加工消耗!F7,2) -> -5 | G7: =ROUND(生產!G7-居民消耗!G7-加工消耗!G7,2) -> -4 | H7: =SUM(生產!C7:G7) -> 36 | I7: =SUM(居民消耗!C7:G7)+SUM(加工消耗!C7:G7) -> 36 | J7: =ROUND(H7-I7,2) -> 0 | K7: =IF(I7=0,"無需求",IF(J7<-$C$2*I7,"短缺",IF(J7>$C$2*I7,"過剩","平衡"))) -> 平衡
A8: 牲畜 | B8: 原料 | C8: =ROUND(生產!C8-居民消耗!C8-加工消耗!C8,2) -> -5 | D8: =ROUND(生產!D8-居民消耗!D8-加工消耗!D8,2) -> 13 | E8: =ROUND(生產!E8-居民消耗!E8-加工消耗!E8,2) -> -3 | F8: =ROUND(生產!F8-居民消耗!F8-加工消耗!F8,2) -> -3 | G8: =ROUND(生產!G8-居民消耗!G8-加工消耗!G8,2) -> -2 | H8: =SUM(生產!C8:G8) -> 24 | I8: =SUM(居民消耗!C8:G8)+SUM(加工消耗!C8:G8) -> 24 | J8: =ROUND(H8-I8,2) -> 0 | K8: =IF(I8=0,"無需求",IF(J8<-$C$2*I8,"短缺",IF(J8>$C$2*I8,"過剩","平衡"))) -> 平衡
A9: 鐵器 | B9: 加工品 | C9: =ROUND(生產!C9-居民消耗!C9-加工消耗!C9,2) -> 6.5 | D9: =ROUND(生產!D9-居民消耗!D9-加工消耗!D9,2) -> -1.5 | E9: =ROUND(生產!E9-居民消耗!E9-加工消耗!E9,2) -> -2 | F9: =ROUND(生產!F9-居民消耗!F9-加工消耗!F9,2) -> -3 | G9: =ROUND(生產!G9-居民消耗!G9-加工消耗!G9,2) -> 0 | H9: =SUM(生產!C9:G9) -> 8 | I9: =SUM(居民消耗!C9:G9)+SUM(加工消耗!C9:G9) -> 8 | J9: =ROUND(H9-I9,2) -> 0 | K9: =IF(I9=0,"無需求",IF(J9<-$C$2*I9,"短缺",IF(J9>$C$2*I9,"過剩","平衡"))) -> 平衡
A10: 家具 | B10: 加工品 | C10: =ROUND(生產!C10-居民消耗!C10-加工消耗!C10,2) -> -1.5 | D10: =ROUND(生產!D10-居民消耗!D10-加工消耗!D10,2) -> -1 | E10: =ROUND(生產!E10-居民消耗!E10-加工消耗!E10,2) -> -1.5 | F10: =ROUND(生產!F10-居民消耗!F10-加工消耗!F10,2) -> 5 | G10: =ROUND(生產!G10-居民消耗!G10-加工消耗!G10,2) -> -1 | H10: =SUM(生產!C10:G10) -> 6 | I10: =SUM(居民消耗!C10:G10)+SUM(加工消耗!C10:G10) -> 6 | J10: =ROUND(H10-I10,2) -> 0 | K10: =IF(I10=0,"無需求",IF(J10<-$C$2*I10,"短缺",IF(J10>$C$2*I10,"過剩","平衡"))) -> 平衡
A11: 皮革 | B11: 加工品 | C11: =ROUND(生產!C11-居民消耗!C11-加工消耗!C11,2) -> -1.5 | D11: =ROUND(生產!D11-居民消耗!D11-加工消耗!D11,2) -> 5 | E11: =ROUND(生產!E11-居民消耗!E11-加工消耗!E11,2) -> -1 | F11: =ROUND(生產!F11-居民消耗!F11-加工消耗!F11,2) -> -1 | G11: =ROUND(生產!G11-居民消耗!G11-加工消耗!G11,2) -> -0.5 | H11: =SUM(生產!C11:G11) -> 6 | I11: =SUM(居民消耗!C11:G11)+SUM(加工消耗!C11:G11) -> 5 | J11: =ROUND(H11-I11,2) -> 1 | K11: =IF(I11=0,"無需求",IF(J11<-$C$2*I11,"短缺",IF(J11>$C$2*I11,"過剩","平衡"))) -> 過剩
A12: 鹽漬海產 | B12: 加工品 | C12: =ROUND(生產!C12-居民消耗!C12-加工消耗!C12,2) -> -1.5 | D12: =ROUND(生產!D12-居民消耗!D12-加工消耗!D12,2) -> -1 | E12: =ROUND(生產!E12-居民消耗!E12-加工消耗!E12,2) -> 5 | F12: =ROUND(生產!F12-居民消耗!F12-加工消耗!F12,2) -> -1.5 | G12: =ROUND(生產!G12-居民消耗!G12-加工消耗!G12,2) -> -1 | H12: =SUM(生產!C12:G12) -> 6 | I12: =SUM(居民消耗!C12:G12)+SUM(加工消耗!C12:G12) -> 6 | J12: =ROUND(H12-I12,2) -> 0 | K12: =IF(I12=0,"無需求",IF(J12<-$C$2*I12,"短缺",IF(J12>$C$2*I12,"過剩","平衡"))) -> 平衡
A14: 需進口品項數(淨值<0) | C14: =COUNTIF(C5:C12,"<0") -> 6 | D14: =COUNTIF(D5:D12,"<0") -> 5 | E14: =COUNTIF(E5:E12,"<0") -> 6 | F14: =COUNTIF(F5:F12,"<0") -> 5 | G14: =COUNTIF(G5:G12,"<0") -> 5
A15: 可出口品項數(淨值>0) | C15: =COUNTIF(C5:C12,">0") -> 2 | D15: =COUNTIF(D5:D12,">0") -> 2 | E15: =COUNTIF(E5:E12,">0") -> 2 | F15: =COUNTIF(F5:F12,">0") -> 2 | G15: =COUNTIF(G5:G12,">0") -> 0
A17: 讀法:負數(紅)＝該地需從外地進口;正數(綠)＝有餘裕可出口。全域淨額長期為負的品項,代表整個世界供不應求。
